,index_id1,index_id2,value,comment1,comment2,index_name1,year_period1,type1,sub_type1,value_ontology1,dispersion1,index_name2,year_period2,type2,sub_type2,value_ontology2,dispersion2
57857,157618,107527.0,-0.5902391612388324,157618,107527,空气质量同比改善率,f,环境,,ValueOntology.DIFF_RATE,1.3467521557343018,每万人健身中心相关兴趣点数量,f,POI,平均每万人相关兴趣点数,ValueOntology.QUANTITY_PER_CAPITA,0.4972056500106114
59073,157618,56598.0,-0.5833003184740368,157618,56598,空气质量同比改善率,f,环境,,ValueOntology.DIFF_RATE,1.3467521557343018,体育休闲服务；运动场馆；健身中心；此类数据总个数,f,POI,体育休闲服务,ValueOntology.QUANTITY,0.5
133423,107579,42439.0,-0.5109488493925824,107579,42439,每万人城市广场相关兴趣点数量,f,POI,平均每万人相关兴趣点数,ValueOntology.QUANTITY_PER_CAPITA,0.4817542452478051,【养老】类热点影响力（月度）（万人次）,f,舆情,网络口碑,ValueOntology.QUANTITY,0.7271636418179092
133518,56665,42439.0,-0.5091377235236092,56665,42439,风景名胜；公园广场；城市广场；此类数据总个数,f,POI,风景名胜,ValueOntology.QUANTITY,0.5,【养老】类热点影响力（月度）（万人次）,f,舆情,网络口碑,ValueOntology.QUANTITY,0.7271636418179092
133666,107430,42385.0,0.5866009465832387,107430,42385,每万人商场相关兴趣点数量,f,POI,平均每万人相关兴趣点数,ValueOntology.QUANTITY_PER_CAPITA,0.6023742456348476,【教育】类总舆情量（月度）（万人次）,f,舆情,网络口碑,ValueOntology.QUANTITY,0.6521905490721255
133669,107483,42385.0,0.5915748699512354,107483,42385,每万人售票处相关兴趣点数量,f,POI,平均每万人相关兴趣点数,ValueOntology.QUANTITY_PER_CAPITA,0.3366334195296146,【教育】类总舆情量（月度）（万人次）,f,舆情,网络口碑,ValueOntology.QUANTITY,0.6521905490721255
133681,107457,42385.0,-0.636669439128919,107457,42385,每万人文化用品店相关兴趣点数量,f,POI,平均每万人相关兴趣点数,ValueOntology.QUANTITY_PER_CAPITA,0.3514024261386873,【教育】类总舆情量（月度）（万人次）,f,舆情,网络口碑,ValueOntology.QUANTITY,0.6521905490721255
133684,107473,42385.0,-0.545044529654555,107473,42385,每万人自行车专卖店相关兴趣点数量,f,POI,平均每万人相关兴趣点数,ValueOntology.QUANTITY_PER_CAPITA,0.4794077504278834,【教育】类总舆情量（月度）（万人次）,f,舆情,网络口碑,ValueOntology.QUANTITY,0.6521905490721255
133685,107472,42385.0,-0.6072682060721739,107472,42385,每万人儿童用品店相关兴趣点数量,f,POI,平均每万人相关兴趣点数,ValueOntology.QUANTITY_PER_CAPITA,0.3718008938094143,【教育】类总舆情量（月度）（万人次）,f,舆情,网络口碑,ValueOntology.QUANTITY,0.6521905490721255
133694,107343,42385.0,-0.5725114020697636,107343,42385,每万人台球厅相关兴趣点数量,f,POI,平均每万人相关兴趣点数,ValueOntology.QUANTITY_PER_CAPITA,0.3300258107956458,【教育】类总舆情量（月度）（万人次）,f,舆情,网络口碑,ValueOntology.QUANTITY,0.6521905490721255
133697,107454,42385.0,-0.6522160242332116,107454,42385,每万人果品市场相关兴趣点数量,f,POI,平均每万人相关兴趣点数,ValueOntology.QUANTITY_PER_CAPITA,0.3567600285111131,【教育】类总舆情量（月度）（万人次）,f,舆情,网络口碑,ValueOntology.QUANTITY,0.6521905490721255
133701,107579,42385.0,-0.6123708500456589,107579,42385,每万人城市广场相关兴趣点数量,f,POI,平均每万人相关兴趣点数,ValueOntology.QUANTITY_PER_CAPITA,0.4817542452478051,【教育】类总舆情量（月度）（万人次）,f,舆情,网络口碑,ValueOntology.QUANTITY,0.6521905490721255
133922,56509,42385.0,-0.6447477879807879,56509,42385,购物服务；综合市场；果品市场；此类数据总个数,f,POI,购物服务,ValueOntology.QUANTITY,0.36,【教育】类总舆情量（月度）（万人次）,f,舆情,网络口碑,ValueOntology.QUANTITY,0.6521905490721255
133928,56512,42385.0,-0.6363451932779427,56512,42385,购物服务；文化用品店；此类数据总个数,f,POI,购物服务,ValueOntology.QUANTITY,0.352112676056338,【教育】类总舆情量（月度）（万人次）,f,舆情,网络口碑,ValueOntology.QUANTITY,0.6521905490721255
133934,56528,42385.0,-0.5438826769771575,56528,42385,购物服务；专卖店；自行车专卖店；此类数据总个数,f,POI,购物服务,ValueOntology.QUANTITY,0.4862385321100917,【教育】类总舆情量（月度）（万人次）,f,舆情,网络口碑,ValueOntology.QUANTITY,0.6521905490721255
133967,56495,42385.0,-0.6452655830206614,56495,42385,购物服务；花鸟鱼虫市场；此类数据总个数,f,POI,购物服务,ValueOntology.QUANTITY,0.3090909090909091,【教育】类总舆情量（月度）（万人次）,f,舆情,网络口碑,ValueOntology.QUANTITY,0.6521905490721255
133970,56600,42385.0,-0.5751669704094804,56600,42385,体育休闲服务；运动场馆；台球厅；此类数据总个数,f,POI,体育休闲服务,ValueOntology.QUANTITY,0.3333333333333333,【教育】类总舆情量（月度）（万人次）,f,舆情,网络口碑,ValueOntology.QUANTITY,0.6521905490721255
133985,54205,42385.0,-0.6045881616196703,54205,42385,购物服务；专卖店；儿童用品店；此类数据总个数,f,POI,购物服务,ValueOntology.QUANTITY,0.375,【教育】类总舆情量（月度）（万人次）,f,舆情,网络口碑,ValueOntology.QUANTITY,0.6521905490721255
133987,56665,42385.0,-0.6130610156214694,56665,42385,风景名胜；公园广场；城市广场；此类数据总个数,f,POI,风景名胜,ValueOntology.QUANTITY,0.5,【教育】类总舆情量（月度）（万人次）,f,舆情,网络口碑,ValueOntology.QUANTITY,0.6521905490721255
133989,56545,42385.0,0.5892633795423079,56545,42385,生活服务；售票处；此类数据总个数,f,POI,生活服务,ValueOntology.QUANTITY,0.3333333333333333,【教育】类总舆情量（月度）（万人次）,f,舆情,网络口碑,ValueOntology.QUANTITY,0.6521905490721255
133993,56171,42385.0,0.5846326170803411,56171,42385,购物服务；商场；此类数据总个数,f,POI,购物服务,ValueOntology.QUANTITY,0.6,【教育】类总舆情量（月度）（万人次）,f,舆情,网络口碑,ValueOntology.QUANTITY,0.6521905490721255
263958,107504,42421.0,-0.5345922102552412,107504,42421,每万人人才市场相关兴趣点数量,f,POI,平均每万人相关兴趣点数,ValueOntology.QUANTITY_PER_CAPITA,0.3300235663786331,【环境】类总舆情量（月度）（万人次）,f,舆情,网络口碑,ValueOntology.QUANTITY,0.799824021117466
263990,56571,42421.0,-0.5343083642353785,56571,42421,生活服务；人才市场；此类数据总个数,f,POI,生活服务,ValueOntology.QUANTITY,0.3333333333333333,【环境】类总舆情量（月度）（万人次）,f,舆情,网络口碑,ValueOntology.QUANTITY,0.799824021117466
